CustomerID,Name,Age,Country,City,Email,PurchaseAmount,IsActive
101,Amit,28,India,Bangalore,amit@example.com,1500,True
102,Priya,32,India,Mumbai,priya@example.com,2200,True
103,John,25,USA,New York,john@example.com,1800,False
104,Sara,35,UK,London,sara@example.com,3200,True
105,Rahul,,India,Delhi,rahul@example.com,1200,True
106,,29,India,Chennai,neha@example.com,2500,True
107,David,41,,Toronto,david@example.com,4100,False
108,Neha,27,India,Hyderabad,,1900,True
109,Alex,38,USA,Chicago,alex@example.com,2800,False
110,Ravi,30,India,Pune,ravi@example.com,3500,True


















